scenarioName,scenarioLoop,stepName,stepLoop,correlationId,requestTimeStamp,responseDelayMilliSec,responseTimeStamp,result,method
"de.ssherlock.system_tests.ui.facelets.LoginUITest",0,testRegisterClicked,0,"c8a1520d-8942-416d-8dd6-dcd39e31a793","2024-01-25T19:24:12.732323",12.0,"2024-01-25T19:24:12.744674",PASSED,
"de.ssherlock.system_tests.ui.facelets.NavbarUITest",0,logout,0,"6df2c60e-7802-4884-8b52-8c7b47df7004","2024-01-25T19:24:12.927995",1.0,"2024-01-25T19:24:12.929018",PASSED,
"de.ssherlock.system_tests.ui.facelets.TestateUITest",0,testGradeValidators,0,"4cf14a94-d364-4300-b473-72741145ecb9","2024-01-25T19:24:13.169790",2.0,"2024-01-25T19:24:13.171845",PASSED,
"de.ssherlock.system_tests.ui.facelets.AdminUserPaginationUITest",0,testCheckCorrectContent,0,"4da7f306-6a68-4328-822f-eed8acb951e2","2024-01-25T19:24:12.744104",2.0,"2024-01-25T19:24:12.746916",PASSED,
"de.ssherlock.system_tests.ui.facelets.ExerciseDescriptionUITest",0,testEditHTMLSuccess,0,"fe91abc6-b087-49b0-a3a3-901417724f6e","2024-01-25T19:24:12.964847",1.0,"2024-01-25T19:24:12.965875",PASSED,
"de.ssherlock.system_tests.ui.facelets.ExerciseDescriptionUITest",0,testEditHTMLSuccess,0,"64a8fa63-6a3d-437e-84b8-244f76eebae1","2024-01-25T19:24:12.727592",0.0,"2024-01-25T19:24:12.728476",PASSED,
"de.ssherlock.system_tests.ui.facelets.ExerciseDescriptionUITest",0,testEditHTMLSuccess,0,"f9d718fe-9c25-4579-85f1-b497f36b2eec","2024-01-25T19:24:12.506733",2.0,"2024-01-25T19:24:12.509053",PASSED,
"de.ssherlock.system_tests.ui.facelets.LoginUITest",0,testLoginSuccess,0,"e09597e9-4a27-4048-adf9-f4f1c8c7aa70","2024-01-25T19:24:12.508813",7.0,"2024-01-25T19:24:12.516701",PASSED,
"de.ssherlock.system_tests.ui.facelets.CourseUserPaginationUITest",0,testCheckCorrectContent,0,"49813f11-4ed2-45da-926a-c690cd33e8ee","2024-01-25T19:24:12.712162",1.0,"2024-01-25T19:24:12.713269",PASSED,
"de.ssherlock.system_tests.ui.facelets.AdminUserPaginationUITest",0,testChangeFaculty,0,"bec4a96d-cedc-4f6d-86b9-ae1466cf1f02","2024-01-25T19:24:13.084389",1.0,"2024-01-25T19:24:13.085607",PASSED,
"de.ssherlock.system_tests.ui.facelets.ProfileUITest",0,testCorrectContent,0,"4f12705b-f8dd-40db-81a4-ae52fc1cb812","2024-01-25T19:24:12.740003",7.0,"2024-01-25T19:24:12.747888",PASSED,
"de.ssherlock.system_tests.ui.facelets.NavbarUITest",0,navigateToMyCourses,0,"ce63a29f-6dda-4fbf-b8b1-698c62017070","2024-01-25T19:24:12.867929",2.0,"2024-01-25T19:24:12.870331",PASSED,
"de.ssherlock.system_tests.ui.facelets.AdminUserPaginationUITest",0,testChangeFaculty,0,"8c851abf-267f-4994-8b37-ad967451445f","2024-01-25T19:24:12.852728",1.0,"2024-01-25T19:24:12.854555",PASSED,
"de.ssherlock.system_tests.ui.facelets.NavbarUITest",0,navigateToHelp,0,"3550be67-a09c-44b7-a921-537992e14a4d","2024-01-25T19:24:12.701187",0.0,"2024-01-25T19:24:12.702157",PASSED,
"de.ssherlock.system_tests.ui.facelets.AdminUserPaginationUITest",0,testChangeFaculty,0,"d54e95cf-5358-4f47-9242-cbef6f5e8d36","2024-01-25T19:24:12.707976",13.0,"2024-01-25T19:24:12.721733",PASSED,
"de.ssherlock.system_tests.ui.facelets.ExerciseDescriptionUITest",0,testUploadImageFailure,0,"23c38cbd-17a8-4b5b-a6d7-dce5a4f32208","2024-01-25T19:24:13.055411",2.0,"2024-01-25T19:24:13.057759",PASSED,
"de.ssherlock.system_tests.ui.facelets.CourseUserPaginationUITest",0,testCheckSearch,0,"9d19be46-a0be-46fb-811d-6306dd3acefc","2024-01-25T19:24:12.814839",0.0,"2024-01-25T19:24:12.815779",PASSED,
"de.ssherlock.system_tests.ui.facelets.PasswordResetUITest",0,testResetPassword,0,"bf14f1a7-d21f-4d3b-82f9-e42c74056438","2024-01-25T19:24:12.491535",15.0,"2024-01-25T19:24:12.507268",PASSED,
"de.ssherlock.system_tests.ui.facelets.NavbarUITest",0,navigateToProfile,0,"5dcf2f0c-1abf-49d9-b2a6-718c60b2eabc","2024-01-25T19:24:12.973769",0.0,"2024-01-25T19:24:12.974498",PASSED,
"de.ssherlock.system_tests.ui.facelets.LoginUITest",0,testRegisterClicked,0,"173ba7c2-c4d5-472c-87e0-7e8e1680e2ca","2024-01-25T19:24:13.102914",0.0,"2024-01-25T19:24:13.103591",PASSED,
"de.ssherlock.system_tests.ui.facelets.FooterUITest",0,testFooter,0,"899bd721-f486-40aa-9aab-8c4c7de3b245","2024-01-25T19:24:12.491114",15.0,"2024-01-25T19:24:12.506851",PASSED,
"de.ssherlock.system_tests.ui.facelets.ExerciseDescriptionUITest",0,testCheckCorrectDates,0,"13fbfa77-4577-4418-b6e1-c0f4f5d2f8c3","2024-01-25T19:24:12.859216",0.0,"2024-01-25T19:24:12.859873",PASSED,
"de.ssherlock.system_tests.ui.facelets.CourseUserPaginationUITest",0,testCheckCorrectContent,0,"2a364fc0-811e-4ab8-be3a-f4ca5ecd378a","2024-01-25T19:24:12.948488",1.0,"2024-01-25T19:24:12.950408",PASSED,
"de.ssherlock.system_tests.ui.facelets.CourseUserPaginationUITest",0,testPrevButton,0,"8f122007-82cd-4556-ba9b-df17b36cd924","2024-01-25T19:24:12.718869",11.0,"2024-01-25T19:24:12.730827",PASSED,
"de.ssherlock.system_tests.ui.facelets.FooterUITest",0,testFooter,0,"eda29742-9838-416a-9f05-38c5b2123cf6","2024-01-25T19:24:12.727997",0.0,"2024-01-25T19:24:12.728964",PASSED,
"de.ssherlock.system_tests.ui.facelets.PasswordResetUITest",0,testResetPassword,0,"38429604-bc27-44b3-a1f0-66c6012bc315","2024-01-25T19:24:13.075023",1.0,"2024-01-25T19:24:13.076316",PASSED,
"de.ssherlock.system_tests.ui.facelets.CourseUserPaginationUITest",0,testPrevButton,0,"393c0d75-74de-4948-bb05-29e78f1956fe","2024-01-25T19:24:13.096127",11.0,"2024-01-25T19:24:13.107163",PASSED,
"de.ssherlock.system_tests.ui.facelets.ExerciseDescriptionUITest",0,testCheckCorrectDates,0,"bbe9e1ef-fd22-43d5-93c3-3edd16ed2509","2024-01-25T19:24:12.505180",1.0,"2024-01-25T19:24:12.506606",PASSED,
"de.ssherlock.system_tests.ui.facelets.CourseUserPaginationUITest",0,testLastButton,0,"eaf386b6-244e-43c5-878e-a5acf463c7ad","2024-01-25T19:24:12.860168",3.0,"2024-01-25T19:24:12.863545",PASSED,
"de.ssherlock.system_tests.ui.facelets.AdminUserPaginationUITest",0,testCheckSearch,0,"42b46d8a-11ab-4692-b9cf-663ad4a0ff99","2024-01-25T19:24:12.495673",11.0,"2024-01-25T19:24:12.507161",PASSED,
"de.ssherlock.system_tests.ui.facelets.AdminUserPaginationUITest",0,testSelectUser,0,"b13e8cdd-6808-44f0-ab52-064be8fe9c6a","2024-01-25T19:24:12.940553",1.0,"2024-01-25T19:24:12.941594",PASSED,
"de.ssherlock.system_tests.ui.facelets.CourseUserPaginationUITest",0,testNextButton,0,"3f808362-7ecc-4f8b-b76c-8cada9e53c8d","2024-01-25T19:24:13.087731",1.0,"2024-01-25T19:24:13.089372",PASSED,
"de.ssherlock.system_tests.ui.facelets.LoginUITest",0,"testPasswordForgottenClicked",0,"9218b6aa-ae91-4c16-8027-161188b3a308","2024-01-25T19:24:12.731195",4.0,"2024-01-25T19:24:12.735889",PASSED,
"de.ssherlock.system_tests.ui.facelets.LoginUITest",0,"testPasswordForgottenClicked",0,"d00614d8-3a8b-44bd-9d73-b029bcea55c7","2024-01-25T19:24:12.512877",8.0,"2024-01-25T19:24:12.521690",PASSED,
"de.ssherlock.system_tests.ui.facelets.AdminUserPaginationUITest",0,testCheckCorrectContent,0,"40aea326-b762-4751-981e-b4a0e8d7ce72","2024-01-25T19:24:12.499347",7.0,"2024-01-25T19:24:12.507125",PASSED,
"de.ssherlock.system_tests.ui.facelets.NavbarUITest",0,logout,0,"3988fb41-5708-46ab-9e78-6f092bb275c4","2024-01-25T19:24:13.155841",0.0,"2024-01-25T19:24:13.156533",PASSED,
"de.ssherlock.system_tests.ui.facelets.AdminUserPaginationUITest",0,testSelectUser,0,"9a2abd09-ec43-4bcc-82a6-9b81cad238ad","2024-01-25T19:24:12.983575",0.0,"2024-01-25T19:24:12.984538",PASSED,
"de.ssherlock.system_tests.ui.facelets.CourseUserPaginationUITest",0,testCheckCorrectContent,0,"a7719c42-75f8-43b3-9cbb-d32b5c660518","2024-01-25T19:24:13.085678",2.0,"2024-01-25T19:24:13.088047",PASSED,
"de.ssherlock.system_tests.ui.facelets.LoginUITest",0,"testPasswordForgottenClicked",0,"db71a254-aabc-4ea6-8171-b9a011e7fead","2024-01-25T19:24:13.060411",1.0,"2024-01-25T19:24:13.061708",PASSED,
"de.ssherlock.system_tests.ui.facelets.AdminUserPaginationUITest",0,testSelectUser,0,"2c093c53-1c1d-40b0-8117-898c4afb5665","2024-01-25T19:24:12.513238",1.0,"2024-01-25T19:24:12.514358",PASSED,
"de.ssherlock.system_tests.ui.facelets.NavbarUITest",0,navigateToAdmin,0,"f683d302-d1e7-47d8-95e7-d60da21fc84a","2024-01-25T19:24:13.151399",2.0,"2024-01-25T19:24:13.153473",PASSED,
"de.ssherlock.system_tests.ui.facelets.ExerciseDescriptionUITest",0,testUploadImageSuccess,0,"593725a4-4c12-4a69-9e4b-5c4a0403252f","2024-01-25T19:24:12.492098",19.0,"2024-01-25T19:24:12.511599",PASSED,
"de.ssherlock.system_tests.ui.facelets.ProfileUITest",0,testCorrectContent,0,"0fde9e2a-eb1c-4a5d-bf78-7de485caba8d","2024-01-25T19:24:12.845078",2.0,"2024-01-25T19:24:12.847326",PASSED,
"de.ssherlock.system_tests.ui.facelets.NavbarUITest",0,navigateToHelp,0,"87177327-7fe9-47d4-b8d9-f82111af7fe4","2024-01-25T19:24:12.927904",0.0,"2024-01-25T19:24:12.928854",PASSED,
"de.ssherlock.system_tests.ui.facelets.CheckerListUITest",0,"testCheckContentPagination",0,"e89f83db-9987-4fa9-a326-b68603ba9784","2024-01-25T19:24:12.856239",8.0,"2024-01-25T19:24:12.864277",PASSED,
"de.ssherlock.system_tests.ui.facelets.CourseUserPaginationUITest",0,testNextButton,0,"064c431c-69a7-46f6-968c-dc54b586ca7e","2024-01-25T19:24:12.814297",1.0,"2024-01-25T19:24:12.815911",PASSED,
"de.ssherlock.system_tests.ui.facelets.RegistrationUITest",0,"testRegistrationValidators",0,"1c91f0f9-504c-4d94-950f-fef61516ef36","2024-01-25T19:24:12.491614",3273.0,"2024-01-25T19:24:15.764646",FAILED,
"de.ssherlock.system_tests.ui.facelets.TestateUITest",0,testGradeValidators,0,"44f2e592-db81-4865-b3a1-87e841251cb1","2024-01-25T19:24:12.705191",5.0,"2024-01-25T19:24:12.711020",PASSED,
"de.ssherlock.system_tests.ui.facelets.CourseUserPaginationUITest",0,testLastButton,0,"51383380-310c-4e26-a1df-725c6731380d","2024-01-25T19:24:12.501680",5.0,"2024-01-25T19:24:12.507350",PASSED,
"de.ssherlock.system_tests.ui.facelets.LoginUITest",0,testLoginSuccess,0,"018fcc6b-7fee-4faa-82d0-90b316e6c888","2024-01-25T19:24:12.517389",2.0,"2024-01-25T19:24:12.519628",PASSED,
"de.ssherlock.system_tests.ui.facelets.NavbarUITest",0,navigateToAdmin,0,"34eb95fd-e1bd-4b38-8d73-b286e307b0e1","2024-01-25T19:24:12.973669",0.0,"2024-01-25T19:24:12.974485",PASSED,
"de.ssherlock.system_tests.ui.facelets.ExerciseDescriptionUITest",0,testCheckCorrectDates,0,"341c8d2e-3fb9-4e24-910f-12db8a7e5cde","2024-01-25T19:24:12.961064",2.0,"2024-01-25T19:24:12.963655",PASSED,
"de.ssherlock.system_tests.ui.facelets.AdminUserPaginationUITest",0,testCheckSearch,0,"95f2faa9-46e4-439a-912e-d6316e00d5b8","2024-01-25T19:24:13.171561",1.0,"2024-01-25T19:24:13.173006",PASSED,
"de.ssherlock.system_tests.ui.facelets.CourseUserPaginationUITest",0,testPrevButton,0,"96af7614-0ed6-4dbd-be3e-a92edc050d91","2024-01-25T19:24:12.510772",1.0,"2024-01-25T19:24:12.512375",PASSED,
"de.ssherlock.system_tests.ui.facelets.CheckerListUITest",0,"testCheckContentPagination",0,"5be8e2bd-13b1-4c57-8686-8b391679c4c4","2024-01-25T19:24:12.740971",2.0,"2024-01-25T19:24:12.743266",PASSED,
"de.ssherlock.system_tests.ui.facelets.LoginUITest",0,testLoginSuccess,0,"a3e03028-db22-4dae-9841-8e1516c16dc8","2024-01-25T19:24:12.965890",1.0,"2024-01-25T19:24:12.967613",PASSED,
"de.ssherlock.system_tests.ui.facelets.RegistrationUITest",0,"testRegistrationValidators",0,"5ce8700a-f2b5-488d-9b64-9329b4b12a0a","2024-01-25T19:24:12.980948",2782.0,"2024-01-25T19:24:15.763753",FAILED,
"de.ssherlock.system_tests.ui.facelets.CourseUserPaginationUITest",0,testNextButton,0,"5de26883-cae5-433a-98ae-ec3a85fb08ea","2024-01-25T19:24:12.859653",2.0,"2024-01-25T19:24:12.862435",PASSED,
"de.ssherlock.system_tests.ui.facelets.TestateUITest",0,testGradeValidators,0,"ebeeff73-c8b6-43e4-a8ec-86f7dea6a4d0","2024-01-25T19:24:12.492518",25.0,"2024-01-25T19:24:12.517812",PASSED,
"de.ssherlock.system_tests.ui.facelets.ProfileUITest",0,testCorrectContent,0,"44aafcf4-1f64-4204-af3c-c82dc033e898","2024-01-25T19:24:12.491611",15.0,"2024-01-25T19:24:12.506973",PASSED,
"de.ssherlock.system_tests.ui.facelets.AdminUserPaginationUITest",0,testChangeFaculty,0,"dadba95a-305e-44b1-8043-a6c68459a6a8","2024-01-25T19:24:12.988365",0.0,"2024-01-25T19:24:12.989106",PASSED,
"de.ssherlock.system_tests.ui.facelets.NavbarUITest",0,navigateToMyCourses,0,"1e167cfc-8d3f-43f5-9b87-1566e6f2a3e9","2024-01-25T19:24:13.067598",0.0,"2024-01-25T19:24:13.068388",PASSED,
"de.ssherlock.system_tests.ui.facelets.AdminUserPaginationUITest",0,testCheckSearch,0,"19733573-3b5f-4b42-83a3-63ad96721200","2024-01-25T19:24:12.493472",13.0,"2024-01-25T19:24:12.507018",PASSED,
"de.ssherlock.system_tests.ui.facelets.NavbarUITest",0,navigateToProfile,0,"ba0e8c0f-b60e-48b4-88da-a7294fce8b67","2024-01-25T19:24:12.492283",25.0,"2024-01-25T19:24:12.517341",PASSED,
"de.ssherlock.system_tests.ui.facelets.TestateUITest",0,testCommentValidators,0,"1f3018e4-8fba-4ed7-8c62-4c9c1aa9bb9e","2024-01-25T19:24:12.935660",0.0,"2024-01-25T19:24:12.936300",PASSED,
"de.ssherlock.system_tests.ui.facelets.NavbarUITest",0,navigateToAllCourses,0,"2d7e93c9-b7ba-4436-86ab-eb51b469eae6","2024-01-25T19:24:12.864739",1.0,"2024-01-25T19:24:12.866006",PASSED,
"de.ssherlock.system_tests.ui.facelets.NavbarUITest",0,logout,0,"ae13be94-a874-4f19-bfb9-44910383e77e","2024-01-25T19:24:12.979809",0.0,"2024-01-25T19:24:12.980752",PASSED,
"de.ssherlock.system_tests.ui.facelets.ExerciseDescriptionUITest",0,testEditHTMLFailure,0,"93363f17-9ad9-41a8-a339-0fdad870df19","2024-01-25T19:24:13.044421",1.0,"2024-01-25T19:24:13.045938",PASSED,
"de.ssherlock.system_tests.ui.facelets.NavbarUITest",0,navigateToHelp,0,"77a718c0-d919-4426-82f8-49045a394ee1","2024-01-25T19:24:12.973819",0.0,"2024-01-25T19:24:12.974500",PASSED,
"de.ssherlock.system_tests.ui.facelets.TestateUITest",0,testCommentValidators,0,"5fd3d02d-899c-480d-a6f2-892f15977f9c","2024-01-25T19:24:13.167849",0.0,"2024-01-25T19:24:13.168436",PASSED,
"de.ssherlock.system_tests.ui.facelets.PasswordResetUITest",0,testResetPassword,0,"5a65ad97-17bf-4247-9758-7eede4b91092","2024-01-25T19:24:12.700418",0.0,"2024-01-25T19:24:12.701284",PASSED,
"de.ssherlock.system_tests.ui.facelets.CourseUserPaginationUITest",0,testLastButton,0,"b7da3fa9-ad40-4995-9dd7-e364c57e5360","2024-01-25T19:24:12.950800",2.0,"2024-01-25T19:24:12.953016",PASSED,
"de.ssherlock.system_tests.ui.facelets.CourseUserPaginationUITest",0,testCheckCorrectContent,0,"6b5857c6-b789-40f0-b0fc-551d02d80192","2024-01-25T19:24:12.854996",1.0,"2024-01-25T19:24:12.856402",PASSED,
"de.ssherlock.system_tests.ui.facelets.FooterUITest",0,testFooter,0,"a976dad0-34d1-4901-bfe7-0c3a9d685368","2024-01-25T19:24:12.869965",2.0,"2024-01-25T19:24:12.872073",PASSED,
"de.ssherlock.system_tests.ui.facelets.LoginUITest",0,"testPasswordForgottenClicked",0,"93a2c9d0-d0d7-4059-a55c-00560ec9f74d","2024-01-25T19:24:12.869715",1.0,"2024-01-25T19:24:12.871465",PASSED,
"de.ssherlock.system_tests.ui.facelets.CourseUserPaginationUITest",0,testCheckSearch,0,"e47114f8-9fac-4a66-a831-4dafeee1b736","2024-01-25T19:24:12.856007",1.0,"2024-01-25T19:24:12.857997",PASSED,
"de.ssherlock.system_tests.ui.facelets.CourseUserPaginationUITest",0,testPrevButton,0,"2c4da7cd-5384-436c-9c5d-3a277012d73f","2024-01-25T19:24:12.949908",2.0,"2024-01-25T19:24:12.952286",PASSED,
"de.ssherlock.system_tests.ui.facelets.AdminUserPaginationUITest",0,testCheckSearch,0,"1887a268-f9be-4541-9b5f-5fe07b590316","2024-01-25T19:24:12.941296",1.0,"2024-01-25T19:24:12.942481",PASSED,
"de.ssherlock.system_tests.ui.facelets.NavbarUITest",0,navigateToProfile,0,"d9ccfafb-fdce-4ebb-a99e-b015b169dbbd","2024-01-25T19:24:12.701713",2.0,"2024-01-25T19:24:12.703714",PASSED,
"de.ssherlock.system_tests.ui.facelets.ExerciseDescriptionUITest",0,testEditHTMLFailure,0,"f8e3bf18-dd12-40a6-866c-089368ff8f1c","2024-01-25T19:24:12.727111",10.0,"2024-01-25T19:24:12.738108",PASSED,
"de.ssherlock.system_tests.ui.facelets.RegistrationUITest",0,"testRegistrationValidators",0,"e137d341-1bc3-4bd0-9738-095d9dd64fe2","2024-01-25T19:24:12.703438",3060.0,"2024-01-25T19:24:15.764176",FAILED,
"de.ssherlock.system_tests.ui.facelets.ProfileUITest",0,testCorrectContent,0,"231d3377-0e9d-4d11-a962-288ca240ecd3","2024-01-25T19:24:12.702653",12.0,"2024-01-25T19:24:12.714768",PASSED,
"de.ssherlock.system_tests.ui.facelets.ProfileUITest",0,testCorrectContent,0,"bb157756-3c96-45d7-9530-23f89223ba93","2024-01-25T19:24:12.930532",1.0,"2024-01-25T19:24:12.931737",PASSED,
"de.ssherlock.system_tests.ui.facelets.ExerciseDescriptionUITest",0,testEditHTMLSuccess,0,"eb7c90a1-0de3-4653-9867-c57a3efa9246","2024-01-25T19:24:12.819700",1.0,"2024-01-25T19:24:12.821146",PASSED,
"de.ssherlock.system_tests.ui.facelets.CourseUserPaginationUITest",0,testNextButton,0,"5afff5c8-86f9-4daf-8683-8964bf6a85a8","2024-01-25T19:24:12.712700",0.0,"2024-01-25T19:24:12.713647",PASSED,
"de.ssherlock.system_tests.ui.facelets.RegistrationUITest",0,"testRegistrationValidators",0,"431f58a0-b30d-47f6-b236-11af990c112e","2024-01-25T19:24:13.075522",2689.0,"2024-01-25T19:24:15.765206",FAILED,
"de.ssherlock.system_tests.ui.facelets.ExerciseDescriptionUITest",0,testUploadImageFailure,0,"14bae05a-0737-4942-9458-680302d2bdc8","2024-01-25T19:24:12.963186",7.0,"2024-01-25T19:24:12.970957",PASSED,
"de.ssherlock.system_tests.ui.facelets.PasswordResetUITest",0,testResetPassword,0,"a4c86508-32ed-40e2-9fa0-7ec03f0c24a6","2024-01-25T19:24:13.157228",1.0,"2024-01-25T19:24:13.158632",PASSED,
"de.ssherlock.system_tests.ui.facelets.ExerciseDescriptionUITest",0,testUploadImageFailure,0,"6cee0345-9d11-4644-b850-eb2b63a9af47","2024-01-25T19:24:12.721451",5.0,"2024-01-25T19:24:12.726709",PASSED,
"de.ssherlock.system_tests.ui.facelets.LoginUITest",0,testRegisterClicked,0,"7de472b9-cf7a-4fa8-85fa-77c5ebc4f4f0","2024-01-25T19:24:12.869752",0.0,"2024-01-25T19:24:12.870677",PASSED,
"de.ssherlock.system_tests.ui.facelets.CourseUserPaginationUITest",0,testFirstButton,0,"cec7bf32-b89b-446f-901b-2c841773930d","2024-01-25T19:24:12.502415",4.0,"2024-01-25T19:24:12.507066",PASSED,
"de.ssherlock.system_tests.ui.facelets.ExerciseDescriptionUITest",0,testEditHTMLSuccess,0,"a3be6edd-9259-411e-bb1a-300b7154b67c","2024-01-25T19:24:12.515809",6.0,"2024-01-25T19:24:12.521857",PASSED,
"de.ssherlock.system_tests.ui.facelets.AdminUserPaginationUITest",0,testCheckCorrectContent,0,"2eb55b1c-71fb-452c-a56a-982d85e2ccbd","2024-01-25T19:24:13.168599",0.0,"2024-01-25T19:24:13.169123",PASSED,
"de.ssherlock.system_tests.ui.facelets.LoginUITest",0,testLoginSuccess,0,"eccb0bc7-4344-4d6c-b4c7-19d3476cd940","2024-01-25T19:24:12.827965",0.0,"2024-01-25T19:24:12.828525",PASSED,
"de.ssherlock.system_tests.ui.facelets.TestateUITest",0,testCommentValidators,0,"a629fcfc-8b46-422d-972e-f42b65de809f","2024-01-25T19:24:12.987288",1.0,"2024-01-25T19:24:12.988729",PASSED,
"de.ssherlock.system_tests.ui.facelets.LoginUITest",0,"testPasswordForgottenClicked",0,"6969ab14-b6b0-4b13-beba-4488378aa2e9","2024-01-25T19:24:12.829601",1.0,"2024-01-25T19:24:12.831242",PASSED,
"de.ssherlock.system_tests.ui.facelets.AdminUserPaginationUITest",0,testChangeFaculty,0,"5231dede-a504-4197-8f37-73e9bb4481d7","2024-01-25T19:24:12.491963",21.0,"2024-01-25T19:24:12.513022",PASSED,
"de.ssherlock.system_tests.ui.facelets.NavbarUITest",0,navigateToHelp,0,"3959d7f7-b97e-4cc1-a9a1-65ec31eaad54","2024-01-25T19:24:12.491960",14.0,"2024-01-25T19:24:12.506150",PASSED,
"de.ssherlock.system_tests.ui.facelets.LoginUITest",0,testLoginSuccess,0,"743b1494-8814-4dec-b242-81c2f8d6e75d","2024-01-25T19:24:13.056169",1.0,"2024-01-25T19:24:13.057481",PASSED,
"de.ssherlock.system_tests.ui.facelets.NavbarUITest",0,navigateToProfile,0,"92dd3998-d158-4840-9037-f974c8a041a8","2024-01-25T19:24:12.836651",2.0,"2024-01-25T19:24:12.838861",PASSED,
"de.ssherlock.system_tests.ui.facelets.ExerciseDescriptionUITest",0,testUploadImageFailure,0,"88654c3c-ab58-40c3-90cf-4406820cb189","2024-01-25T19:24:12.491188",17.0,"2024-01-25T19:24:12.508369",PASSED,
"de.ssherlock.system_tests.ui.facelets.CourseUserPaginationUITest",0,testCheckCorrectContent,0,"6ad0c197-3710-436a-8bb7-cf3c46fe2c81","2024-01-25T19:24:12.744220",9.0,"2024-01-25T19:24:12.753686",PASSED,
"de.ssherlock.system_tests.ui.facelets.ProfileUITest",0,testCorrectContent,0,"51ff0bbb-4337-42e1-a30c-6e8e52caa2f9","2024-01-25T19:24:13.161703",0.0,"2024-01-25T19:24:13.162626",PASSED,
"de.ssherlock.system_tests.ui.facelets.RegistrationUITest",0,"testRegistrationValidators",0,"96036111-1ec5-4ca8-9bf7-2e67d09678ca","2024-01-25T19:24:12.929132",2834.0,"2024-01-25T19:24:15.764105",FAILED,
"de.ssherlock.system_tests.ui.facelets.NavbarUITest",0,navigateToMyCourses,0,"87eee474-8725-44c6-8197-d03b5cab8159","2024-01-25T19:24:12.833995",2.0,"2024-01-25T19:24:12.836599",PASSED,
"de.ssherlock.system_tests.ui.facelets.AdminUserPaginationUITest",0,testSelectUser,0,"dd9e1929-db8b-4153-8c8a-7081a23393da","2024-01-25T19:24:12.852672",2.0,"2024-01-25T19:24:12.855211",PASSED,
"de.ssherlock.system_tests.ui.facelets.ExerciseDescriptionUITest",0,testCheckCorrectDates,0,"dc9ca70b-67b7-45c7-a310-c7e72045b1de","2024-01-25T19:24:12.820438",0.0,"2024-01-25T19:24:12.821284",PASSED,
"de.ssherlock.system_tests.ui.facelets.CourseUserPaginationUITest",0,testFirstButton,0,"cce4318b-c599-45f7-9d47-9e391ad8021a","2024-01-25T19:24:13.100631",3.0,"2024-01-25T19:24:13.104355",PASSED,
"de.ssherlock.system_tests.ui.facelets.LoginUITest",0,testRegisterClicked,0,"d6158029-a5cf-48e4-840e-48cd0c924a68","2024-01-25T19:24:12.834803",0.0,"2024-01-25T19:24:12.835435",PASSED,
"de.ssherlock.system_tests.ui.facelets.NavbarUITest",0,navigateToMyCourses,0,"b0f6972a-8e2c-4e55-a4cf-7186049c369e","2024-01-25T19:24:13.149474",0.0,"2024-01-25T19:24:13.150425",PASSED,
"de.ssherlock.system_tests.ui.facelets.CourseUserPaginationUITest",0,testCheckCorrectContent,0,"1c6eff7c-7da2-489e-b1cb-1f725bdfac66","2024-01-25T19:24:12.491059",16.0,"2024-01-25T19:24:12.507684",PASSED,
"de.ssherlock.system_tests.ui.facelets.ExerciseDescriptionUITest",0,testEditHTMLFailure,0,"1d8209a0-4123-4131-a476-d2a315c3246f","2024-01-25T19:24:13.100501",3.0,"2024-01-25T19:24:13.104118",PASSED,
"de.ssherlock.system_tests.ui.facelets.AdminUserPaginationUITest",0,testSelectUser,0,"152eb28a-90fc-4b99-94df-f1e446cc32ed","2024-01-25T19:24:13.082677",1.0,"2024-01-25T19:24:13.083699",PASSED,
"de.ssherlock.system_tests.ui.facelets.NavbarUITest",0,navigateToProfile,0,"706828ee-e23e-4b99-ae7f-10ec5efb91c1","2024-01-25T19:24:12.925517",2.0,"2024-01-25T19:24:12.928187",PASSED,
"de.ssherlock.system_tests.ui.facelets.AdminUserPaginationUITest",0,testCheckCorrectContent,0,"3480a3f6-b66f-465b-a7f3-856c034953f5","2024-01-25T19:24:12.495620",11.0,"2024-01-25T19:24:12.507315",PASSED,
"de.ssherlock.system_tests.ui.facelets.PasswordResetUITest",0,testResetPassword,0,"9f2e2aa5-6f24-4d43-81ef-4735e7e34507","2024-01-25T19:24:12.841500",1.0,"2024-01-25T19:24:12.843194",PASSED,
"de.ssherlock.system_tests.ui.facelets.NavbarUITest",0,navigateToMyCourses,0,"198a98b8-1583-4158-a205-6b4a88dda9f4","2024-01-25T19:24:12.731633",2.0,"2024-01-25T19:24:12.734376",PASSED,
"de.ssherlock.system_tests.ui.facelets.CourseUserPaginationUITest",0,testCheckCorrectContent,0,"569b513c-9228-4240-b22b-1c02e1b87aa8","2024-01-25T19:24:12.991327",0.0,"2024-01-25T19:24:12.992010",PASSED,
"de.ssherlock.system_tests.ui.facelets.ExerciseDescriptionUITest",0,testCheckCorrectDates,0,"dfc6f3e9-ec94-4dde-a944-78153780ddb2","2024-01-25T19:24:12.513963",1.0,"2024-01-25T19:24:12.515159",PASSED,
"de.ssherlock.system_tests.ui.facelets.NavbarUITest",0,navigateToAllCourses,0,"386b3bd4-eaec-484a-8d82-9e4c202b613c","2024-01-25T19:24:12.705326",1.0,"2024-01-25T19:24:12.706794",PASSED,
"de.ssherlock.system_tests.ui.facelets.NavbarUITest",0,navigateToAllCourses,0,"3db9b51b-af25-4f95-bae7-809bf3d22ec9","2024-01-25T19:24:12.729214",6.0,"2024-01-25T19:24:12.735951",PASSED,
"de.ssherlock.system_tests.ui.facelets.LoginUITest",0,testRegisterClicked,0,"153d63d3-6c88-41e4-9e0a-0ff5389900dd","2024-01-25T19:24:12.969816",0.0,"2024-01-25T19:24:12.970611",PASSED,
"de.ssherlock.system_tests.ui.facelets.NavbarUITest",0,logout,0,"e422fc08-8a84-4561-b38f-aa1c1d92820e","2024-01-25T19:24:12.744297",2.0,"2024-01-25T19:24:12.746347",PASSED,
"de.ssherlock.system_tests.ui.facelets.CourseUserPaginationUITest",0,testFirstButton,0,"ca0407f0-b8fe-40b2-a1e7-79aaedc12f73","2024-01-25T19:24:12.951874",9.0,"2024-01-25T19:24:12.961051",PASSED,
"de.ssherlock.system_tests.ui.facelets.ExerciseDescriptionUITest",0,testUploadImageSuccess,0,"4e550729-7b76-4c57-9eb2-8ae099ddf838","2024-01-25T19:24:12.865367",1.0,"2024-01-25T19:24:12.866622",PASSED,
"de.ssherlock.system_tests.ui.facelets.CourseUserPaginationUITest",0,testLastButton,0,"43f96b9c-e1e2-4650-bdc5-20839a45f506","2024-01-25T19:24:12.713541",2.0,"2024-01-25T19:24:12.715761",PASSED,
"de.ssherlock.system_tests.ui.facelets.ProfileUITest",0,testCorrectContent,0,"d197e018-bef4-4b40-b461-2d6f13f4627e","2024-01-25T19:24:12.981930",3.0,"2024-01-25T19:24:12.985405",PASSED,
"de.ssherlock.system_tests.ui.facelets.ExerciseDescriptionUITest",0,testUploadImageFailure,0,"83c36136-2552-47e8-b497-0aa7c1b13628","2024-01-25T19:24:12.826002",1.0,"2024-01-25T19:24:12.827596",PASSED,
"de.ssherlock.system_tests.ui.facelets.CourseUserPaginationUITest",0,testCheckSearch,0,"84112f2a-118d-4d30-8392-ed1050995e9d","2024-01-25T19:24:13.035992",0.0,"2024-01-25T19:24:13.036990",PASSED,
"de.ssherlock.system_tests.ui.facelets.AdminUserPaginationUITest",0,testCheckSearch,0,"011b7db6-ba1a-4edc-a13a-bef6dd8e6e46","2024-01-25T19:24:12.849684",3.0,"2024-01-25T19:24:12.853469",PASSED,
"de.ssherlock.system_tests.ui.facelets.ExerciseDescriptionUITest",0,testUploadImageSuccess,0,"dd5a56d1-40e9-4e26-b806-edc724af2d34","2024-01-25T19:24:12.963505",0.0,"2024-01-25T19:24:12.964286",PASSED,
"de.ssherlock.system_tests.ui.facelets.TestateUITest",0,testCommentValidators,0,"299f97be-3451-4ebd-b3e1-300698413fe6","2024-01-25T19:24:12.849643",1.0,"2024-01-25T19:24:12.851200",PASSED,
"de.ssherlock.system_tests.ui.facelets.CourseUserPaginationUITest",0,testCheckSearch,0,"fad695f9-c3f9-445c-b0dc-90cd52ba3e11","2024-01-25T19:24:12.511887",10.0,"2024-01-25T19:24:12.522806",PASSED,
"de.ssherlock.system_tests.ui.facelets.TestateUITest",0,testCommentValidators,0,"1c56673d-d646-4329-82a8-4f8aa4f22063","2024-01-25T19:24:12.705977",0.0,"2024-01-25T19:24:12.706790",PASSED,
"de.ssherlock.system_tests.ui.facelets.NavbarUITest",0,navigateToAdmin,0,"8a7aa8a2-ff79-437f-8a1f-3a3acb20f5ba","2024-01-25T19:24:13.069794",0.0,"2024-01-25T19:24:13.070476",PASSED,
"de.ssherlock.system_tests.ui.facelets.RegistrationUITest",0,"testRegistrationValidators",0,"78b5667f-47bf-46de-8d8a-4f53058ad859","2024-01-25T19:24:13.167057",2596.0,"2024-01-25T19:24:15.763753",FAILED,
"de.ssherlock.system_tests.ui.facelets.CourseUserPaginationUITest",0,testLastButton,0,"c1602b18-2d93-4e9f-b7aa-5f439b226457","2024-01-25T19:24:13.095418",6.0,"2024-01-25T19:24:13.101462",PASSED,
"de.ssherlock.system_tests.ui.facelets.TestateUITest",0,testGradeValidators,0,"c5187657-555a-43c7-b2de-4884519dea59","2024-01-25T19:24:12.980029",0.0,"2024-01-25T19:24:12.980699",PASSED,
"de.ssherlock.system_tests.ui.facelets.CheckerListUITest",0,"testCheckContentPagination",0,"d53d4053-18a0-4545-9a69-976392fed801","2024-01-25T19:24:12.989565",0.0,"2024-01-25T19:24:12.990111",PASSED,
"de.ssherlock.system_tests.ui.facelets.NavbarUITest",0,navigateToMyCourses,0,"7fe25d8f-e7b3-4740-af82-83b87f3964ef","2024-01-25T19:24:12.492032",13.0,"2024-01-25T19:24:12.506004",PASSED,
"de.ssherlock.system_tests.ui.facelets.NavbarUITest",0,navigateToAdmin,0,"8a72c65c-e7fe-42b4-bd4c-54dc68ca8ba5","2024-01-25T19:24:12.734571",0.0,"2024-01-25T19:24:12.735359",PASSED,
"de.ssherlock.system_tests.ui.facelets.FooterUITest",0,testFooter,0,"2fdb9510-07cb-44e1-97b2-3b2a66c34122","2024-01-25T19:24:12.965787",1.0,"2024-01-25T19:24:12.967612",PASSED,
"de.ssherlock.system_tests.ui.facelets.AdminUserPaginationUITest",0,testCheckCorrectContent,0,"ee8cc460-0d9e-405a-97cb-4dfdd086001d","2024-01-25T19:24:12.940300",1.0,"2024-01-25T19:24:12.941489",PASSED,
"de.ssherlock.system_tests.ui.facelets.ExerciseDescriptionUITest",0,testEditHTMLSuccess,0,"2b0f1c53-2f08-4e42-b4ae-0b75eb8c90ef","2024-01-25T19:24:12.860039",2.0,"2024-01-25T19:24:12.862978",PASSED,
"de.ssherlock.system_tests.ui.facelets.AdminUserPaginationUITest",0,testCheckCorrectContent,0,"a40b2c9e-6b26-40f3-9dd0-60e5a2bb012f","2024-01-25T19:24:12.849283",1.0,"2024-01-25T19:24:12.850625",PASSED,
"de.ssherlock.system_tests.ui.facelets.ExerciseDescriptionUITest",0,testUploadImageFailure,0,"ceecdbf6-bd2d-429f-baf5-a9499fb79c24","2024-01-25T19:24:12.874892",2.0,"2024-01-25T19:24:12.877006",PASSED,
"de.ssherlock.system_tests.ui.facelets.RegistrationUITest",0,"testRegistrationValidators",0,"34262637-27f5-4a3a-a545-508ffcce4fee","2024-01-25T19:24:12.746249",3018.0,"2024-01-25T19:24:15.764433",FAILED,
"de.ssherlock.system_tests.ui.facelets.FooterUITest",0,testFooter,0,"80442d49-6148-4994-af2c-eeb709d81297","2024-01-25T19:24:12.827889",0.0,"2024-01-25T19:24:12.828470",PASSED,
"de.ssherlock.system_tests.ui.facelets.NavbarUITest",0,navigateToAdmin,0,"9aab8d59-dd51-4677-b9b3-fd6a209836c8","2024-01-25T19:24:12.925926",2.0,"2024-01-25T19:24:12.927980",PASSED,
"de.ssherlock.system_tests.ui.facelets.LoginUITest",0,"testPasswordForgottenClicked",0,"2f6f212b-62c5-4d20-8398-90e249258fca","2024-01-25T19:24:12.698648",1.0,"2024-01-25T19:24:12.700180",PASSED,
"de.ssherlock.system_tests.ui.facelets.CourseUserPaginationUITest",0,testLastButton,0,"666e94c7-2373-4f19-a127-a971e8b8b121","2024-01-25T19:24:13.036290",1.0,"2024-01-25T19:24:13.037558",PASSED,
"de.ssherlock.system_tests.ui.facelets.TestateUITest",0,testCommentValidators,0,"2b99a9ec-8d64-4507-b609-17be040a1a5a","2024-01-25T19:24:12.493115",20.0,"2024-01-25T19:24:12.513921",PASSED,
"de.ssherlock.system_tests.ui.facelets.CourseUserPaginationUITest",0,testLastButton,0,"ed7398e4-324f-4570-85b4-4204b11af177","2024-01-25T19:24:12.514663",1.0,"2024-01-25T19:24:12.515989",PASSED,
"de.ssherlock.system_tests.ui.facelets.CourseUserPaginationUITest",0,testNextButton,0,"0e4d9a28-6a71-4ff6-8f88-81b69e52b92e","2024-01-25T19:24:12.504015",4.0,"2024-01-25T19:24:12.508258",PASSED,
"de.ssherlock.system_tests.ui.facelets.NavbarUITest",0,navigateToMyCourses,0,"97f98052-9c4b-483d-847a-8ae9428c981a","2024-01-25T19:24:12.971763",0.0,"2024-01-25T19:24:12.972665",PASSED,
"de.ssherlock.system_tests.ui.facelets.AdminUserPaginationUITest",0,testSelectUser,0,"f696daeb-fa68-4d0a-acfe-3e979126d164","2024-01-25T19:24:12.739203",0.0,"2024-01-25T19:24:12.739966",PASSED,
"de.ssherlock.system_tests.ui.facelets.LoginUITest",0,"testPasswordForgottenClicked",0,"d5818eda-670d-43c4-9de4-633374a2f969","2024-01-25T19:24:12.973524",1.0,"2024-01-25T19:24:12.974956",PASSED,
"de.ssherlock.system_tests.ui.facelets.CourseUserPaginationUITest",0,testCheckSearch,0,"3392e28b-08fa-489f-ab80-0f035749bcdd","2024-01-25T19:24:12.501273",25.0,"2024-01-25T19:24:12.527198",PASSED,
"de.ssherlock.system_tests.ui.facelets.AdminUserPaginationUITest",0,testCheckSearch,0,"67ea91fc-aab4-4b65-9cda-e0ab39d5f521","2024-01-25T19:24:12.982272",0.0,"2024-01-25T19:24:12.983161",PASSED,
"de.ssherlock.system_tests.ui.facelets.CourseUserPaginationUITest",0,testPrevButton,0,"53fcd32c-84f4-449f-9198-ed1095a5f478","2024-01-25T19:24:12.858626",0.0,"2024-01-25T19:24:12.859369",PASSED,
"de.ssherlock.system_tests.ui.facelets.CourseUserPaginationUITest",0,testLastButton,0,"f231645d-c8fb-4c3a-9e52-ba8dcf0d766a","2024-01-25T19:24:12.814532",0.0,"2024-01-25T19:24:12.815531",PASSED,
"de.ssherlock.system_tests.ui.facelets.ExerciseDescriptionUITest",0,testUploadImageSuccess,0,"80d56303-57b5-4305-b0ba-86439300c378","2024-01-25T19:24:12.725437",1.0,"2024-01-25T19:24:12.727216",PASSED,
"de.ssherlock.system_tests.ui.facelets.CourseUserPaginationUITest",0,testFirstButton,0,"b61739a5-f919-44ee-b230-abf54492ebba","2024-01-25T19:24:12.818871",0.0,"2024-01-25T19:24:12.819765",PASSED,
"de.ssherlock.system_tests.ui.facelets.NavbarUITest",0,navigateToProfile,0,"c23a48e5-9e72-4b5a-831b-43eadc50b5b1","2024-01-25T19:24:13.071805",0.0,"2024-01-25T19:24:13.072433",PASSED,
"de.ssherlock.system_tests.ui.facelets.LoginUITest",0,testRegisterClicked,0,"07065d4c-a681-435e-94c5-cce6553aabe2","2024-01-25T19:24:12.493564",14.0,"2024-01-25T19:24:12.507583",PASSED,
"de.ssherlock.system_tests.ui.facelets.NavbarUITest",0,logout,0,"f6319612-afbe-444d-989e-f04b1f59fa4d","2024-01-25T19:24:13.073134",0.0,"2024-01-25T19:24:13.073759",PASSED,
"de.ssherlock.system_tests.ui.facelets.AdminUserPaginationUITest",0,testChangeFaculty,0,"de8e38b3-0a28-43d9-a9ee-03459df22fcd","2024-01-25T19:24:12.501027",26.0,"2024-01-25T19:24:12.527343",PASSED,
"de.ssherlock.system_tests.ui.facelets.LoginUITest",0,"testPasswordForgottenClicked",0,"c1e0527c-26f0-4e79-9c93-2a16c46821a6","2024-01-25T19:24:13.145961",0.0,"2024-01-25T19:24:13.146656",PASSED,
"de.ssherlock.system_tests.ui.facelets.ExerciseDescriptionUITest",0,testUploadImageFailure,0,"29769938-0b7f-40c0-933e-a80c7e385781","2024-01-25T19:24:13.097406",0.0,"2024-01-25T19:24:13.098013",PASSED,
"de.ssherlock.system_tests.ui.facelets.AdminUserPaginationUITest",0,testCheckCorrectContent,0,"cd91f76e-732f-41a9-b752-7c9e462c6dc1","2024-01-25T19:24:12.706688",0.0,"2024-01-25T19:24:12.707373",PASSED,
"de.ssherlock.system_tests.ui.facelets.ExerciseDescriptionUITest",0,testEditHTMLSuccess,0,"4f48d217-41d8-4251-939b-87614eb02d76","2024-01-25T19:24:13.043597",1.0,"2024-01-25T19:24:13.044762",PASSED,
"de.ssherlock.system_tests.ui.facelets.LoginUITest",0,testLoginSuccess,0,"8c943eed-562f-4663-b574-03f2bfa42bf8","2024-01-25T19:24:12.863216",1.0,"2024-01-25T19:24:12.864630",PASSED,
"de.ssherlock.system_tests.ui.facelets.ExerciseDescriptionUITest",0,testUploadImageSuccess,0,"71100ad8-973f-4307-bc7e-f5a52b421184","2024-01-25T19:24:12.826531",1.0,"2024-01-25T19:24:12.827940",PASSED,
"de.ssherlock.system_tests.ui.facelets.ExerciseDescriptionUITest",0,testEditHTMLFailure,0,"47317acb-1c10-4f98-95f9-34f385631c8d","2024-01-25T19:24:12.822327",1.0,"2024-01-25T19:24:12.823352",PASSED,
"de.ssherlock.system_tests.ui.facelets.NavbarUITest",0,navigateToHelp,0,"5cbb0de7-2b62-47ce-9c78-be81f5b5079d","2024-01-25T19:24:13.070692",0.0,"2024-01-25T19:24:13.071322",PASSED,
"de.ssherlock.system_tests.ui.facelets.CourseUserPaginationUITest",0,testPrevButton,0,"2ed71f5a-0428-4f6c-bbb9-edf142f169c7","2024-01-25T19:24:12.820303",1.0,"2024-01-25T19:24:12.821824",PASSED,
"de.ssherlock.system_tests.ui.facelets.TestateUITest",0,testGradeValidators,0,"feab81e8-5e37-4d69-965e-b262bb19360b","2024-01-25T19:24:13.076804",0.0,"2024-01-25T19:24:13.077539",PASSED,
"de.ssherlock.system_tests.ui.facelets.CourseUserPaginationUITest",0,testFirstButton,0,"705e9440-73e5-4da9-826d-a270d568f68c","2024-01-25T19:24:12.858755",0.0,"2024-01-25T19:24:12.859446",PASSED,
"de.ssherlock.system_tests.ui.facelets.TestateUITest",0,testCommentValidators,0,"3681bc81-4ee6-4464-b4d6-428e407bf5eb","2024-01-25T19:24:12.745629",1.0,"2024-01-25T19:24:12.746770",PASSED,
"de.ssherlock.system_tests.ui.facelets.NavbarUITest",0,logout,0,"22db1175-a4c6-4c9c-9d1a-3ef9e3375937","2024-01-25T19:24:12.702550",4.0,"2024-01-25T19:24:12.706851",PASSED,
"de.ssherlock.system_tests.ui.facelets.AdminUserPaginationUITest",0,testSelectUser,0,"d0874b3f-5779-4855-9d39-23d3a2c9dd48","2024-01-25T19:24:12.708618",13.0,"2024-01-25T19:24:12.722251",PASSED,
"de.ssherlock.system_tests.ui.facelets.CourseUserPaginationUITest",0,testFirstButton,0,"960cd515-bbfe-4f88-96cd-0e156d03adae","2024-01-25T19:24:12.718999",2.0,"2024-01-25T19:24:12.721282",PASSED,
"de.ssherlock.system_tests.ui.facelets.ExerciseDescriptionUITest",0,testUploadImageSuccess,0,"3e94b402-e5a8-4445-bfdf-6dc997b4e638","2024-01-25T19:24:13.048801",1.0,"2024-01-25T19:24:13.050448",PASSED,
"de.ssherlock.system_tests.ui.facelets.RegistrationUITest",0,"testRegistrationValidators",0,"76124b26-4f0f-4e00-bbc1-61415e6c4d43","2024-01-25T19:24:12.842784",2922.0,"2024-01-25T19:24:15.764895",FAILED,
"de.ssherlock.system_tests.ui.facelets.CourseUserPaginationUITest",0,testCheckSearch,0,"71889fcb-757c-431c-b7fd-300f39d9ba51","2024-01-25T19:24:13.087374",0.0,"2024-01-25T19:24:13.088073",PASSED,
"de.ssherlock.system_tests.ui.facelets.FooterUITest",0,testFooter,0,"cc7721fd-a2f0-4cbc-8413-33a3596c2d1e","2024-01-25T19:24:12.491301",15.0,"2024-01-25T19:24:12.506851",PASSED,
"de.ssherlock.system_tests.ui.facelets.NavbarUITest",0,logout,0,"8962e657-a579-4854-8243-7110a552a110","2024-01-25T19:24:12.839675",3.0,"2024-01-25T19:24:12.843342",PASSED,
"de.ssherlock.system_tests.ui.facelets.ProfileUITest",0,testCorrectContent,0,"d5b1082f-157e-4081-81e2-e465e7e08478","2024-01-25T19:24:13.074457",0.0,"2024-01-25T19:24:13.075376",PASSED,
"de.ssherlock.system_tests.ui.facelets.LoginUITest",0,testRegisterClicked,0,"cdcee813-864d-4d52-b2dd-811b02fc2371","2024-01-25T19:24:13.055255",0.0,"2024-01-25T19:24:13.056002",PASSED,
"de.ssherlock.system_tests.ui.facelets.ExerciseDescriptionUITest",0,testUploadImageSuccess,0,"9ca72cf5-9008-4299-b2a1-e657702fc815","2024-01-25T19:24:13.095918",0.0,"2024-01-25T19:24:13.096510",PASSED,
"de.ssherlock.system_tests.ui.facelets.CourseUserPaginationUITest",0,testPrevButton,0,"4c5a2675-9324-4ffd-b173-0c31861c43fd","2024-01-25T19:24:13.039272",0.0,"2024-01-25T19:24:13.040209",PASSED,
"de.ssherlock.system_tests.ui.facelets.AdminUserPaginationUITest",0,testCheckCorrectContent,0,"d7217df4-0595-4455-9f1c-644b0f26e494","2024-01-25T19:24:13.082519",0.0,"2024-01-25T19:24:13.083206",PASSED,
"de.ssherlock.system_tests.ui.facelets.FooterUITest",0,testFooter,0,"7524bdd1-2603-4a54-9800-aa4290876c47","2024-01-25T19:24:13.055381",1.0,"2024-01-25T19:24:13.056796",PASSED,
"de.ssherlock.system_tests.ui.facelets.ExerciseDescriptionUITest",0,testEditHTMLFailure,0,"27c2a572-d1a9-4368-a8c6-9d07b7c86064","2024-01-25T19:24:12.509755",1.0,"2024-01-25T19:24:12.511287",PASSED,
"de.ssherlock.system_tests.ui.facelets.ExerciseDescriptionUITest",0,testUploadImageFailure,0,"ea4c3f3f-9d64-4c09-99fe-b3a3ab78d7da","2024-01-25T19:24:12.516238",1.0,"2024-01-25T19:24:12.517475",PASSED,
"de.ssherlock.system_tests.ui.facelets.ExerciseDescriptionUITest",0,testEditHTMLFailure,0,"7accb22d-9bcc-4c4b-9b82-9328bfb00ea8","2024-01-25T19:24:12.868541",0.0,"2024-01-25T19:24:12.869475",PASSED,
"de.ssherlock.system_tests.ui.facelets.LoginUITest",0,testRegisterClicked,0,"e597b595-1d28-4638-b513-9d141623bf25","2024-01-25T19:24:12.507619",17.0,"2024-01-25T19:24:12.524854",PASSED,
"de.ssherlock.system_tests.ui.facelets.NavbarUITest",0,navigateToMyCourses,0,"0cc3af31-da4b-40aa-96a2-e0050fbaf8d5","2024-01-25T19:24:12.700281",6.0,"2024-01-25T19:24:12.706357",PASSED,
"de.ssherlock.system_tests.ui.facelets.CourseUserPaginationUITest",0,testCheckSearch,0,"b3039e3e-4e1b-481f-a1b3-e9a763b21106","2024-01-25T19:24:12.949887",1.0,"2024-01-25T19:24:12.951044",PASSED,
"de.ssherlock.system_tests.ui.facelets.AdminUserPaginationUITest",0,testCheckCorrectContent,0,"3980c695-2b2c-476a-9efe-9602d438fb2b","2024-01-25T19:24:12.983094",2.0,"2024-01-25T19:24:12.985337",PASSED,
"de.ssherlock.system_tests.ui.facelets.CourseUserPaginationUITest",0,testNextButton,0,"1941b3d4-9e33-4c16-8b72-20850349b3e2","2024-01-25T19:24:13.036350",1.0,"2024-01-25T19:24:13.037685",PASSED,
"de.ssherlock.system_tests.ui.facelets.ExerciseDescriptionUITest",0,testCheckCorrectDates,0,"b30d17fd-e166-40f4-bc9d-b997b1c41947","2024-01-25T19:24:13.039962",1.0,"2024-01-25T19:24:13.041294",PASSED,
"de.ssherlock.system_tests.ui.facelets.CourseUserPaginationUITest",0,testFirstButton,0,"8e605b3c-03b6-4218-ba23-063b24bb3bca","2024-01-25T19:24:12.493567",12.0,"2024-01-25T19:24:12.505993",PASSED,
"de.ssherlock.system_tests.ui.facelets.AdminUserPaginationUITest",0,testCheckSearch,0,"2f85a505-b247-4d1f-8c6f-d406417573aa","2024-01-25T19:24:12.739695",10.0,"2024-01-25T19:24:12.750300",PASSED,
"de.ssherlock.system_tests.ui.facelets.NavbarUITest",0,navigateToHelp,0,"68c1e622-076d-451d-95d2-46ac143eb370","2024-01-25T19:24:12.839862",0.0,"2024-01-25T19:24:12.840803",PASSED,
"de.ssherlock.system_tests.ui.facelets.NavbarUITest",0,navigateToAllCourses,0,"96d024c1-a86c-447a-9724-8465d61a9782","2024-01-25T19:24:12.832891",1.0,"2024-01-25T19:24:12.834469",PASSED,
"de.ssherlock.system_tests.ui.facelets.CheckerListUITest",0,"testCheckContentPagination",0,"4ae08c66-b4d1-4c47-8bf2-c458b60a8af0","2024-01-25T19:24:13.084952",0.0,"2024-01-25T19:24:13.085479",PASSED,
"de.ssherlock.system_tests.ui.facelets.CourseUserPaginationUITest",0,testCheckCorrectContent,0,"4b88ab55-c240-4080-8537-447c007b157e","2024-01-25T19:24:12.491244",15.0,"2024-01-25T19:24:12.506270",PASSED,
"de.ssherlock.system_tests.ui.facelets.CourseUserPaginationUITest",0,testNextButton,0,"6c2ccbf3-832d-4440-828d-7aeda6394dc9","2024-01-25T19:24:12.497630",9.0,"2024-01-25T19:24:12.507418",PASSED,
"de.ssherlock.system_tests.ui.facelets.CourseUserPaginationUITest",0,testCheckSearch,0,"ca9b8aed-5487-459f-9444-abce0b69de45","2024-01-25T19:24:12.711915",3.0,"2024-01-25T19:24:12.715225",PASSED,
"de.ssherlock.system_tests.ui.facelets.ExerciseDescriptionUITest",0,testEditHTMLFailure,0,"31f2ea9a-9a3f-4c75-b9b8-a351bb822cb4","2024-01-25T19:24:12.493254",18.0,"2024-01-25T19:24:12.512230",PASSED,
"de.ssherlock.system_tests.ui.facelets.CheckerListUITest",0,"testCheckContentPagination",0,"be10fbe5-f357-463c-b0f4-932efa7391b6","2024-01-25T19:24:12.708852",10.0,"2024-01-25T19:24:12.719699",PASSED,
"de.ssherlock.system_tests.ui.facelets.TestateUITest",0,testGradeValidators,0,"7997570c-b891-4a30-82b5-7039ec0c6fec","2024-01-25T19:24:12.845674",1.0,"2024-01-25T19:24:12.847260",PASSED,
"de.ssherlock.system_tests.ui.facelets.LoginUITest",0,testLoginSuccess,0,"82ce8e56-62d0-4f68-aa64-0d302fa10717","2024-01-25T19:24:12.724579",2.0,"2024-01-25T19:24:12.726728",PASSED,
"de.ssherlock.system_tests.ui.facelets.FooterUITest",0,testFooter,0,"710e636f-c893-4df2-95d5-ddbce96cd323","2024-01-25T19:24:13.097753",0.0,"2024-01-25T19:24:13.098188",PASSED,
"de.ssherlock.system_tests.ui.facelets.ExerciseDescriptionUITest",0,testUploadImageSuccess,0,"c20c2e99-872a-4f06-a195-344de0f939bd","2024-01-25T19:24:12.491237",14.0,"2024-01-25T19:24:12.505732",PASSED,
"de.ssherlock.system_tests.ui.facelets.NavbarUITest",0,navigateToAllCourses,0,"ceebe5e9-3969-45ae-97d3-1fc9a3b44eaf","2024-01-25T19:24:12.492695",13.0,"2024-01-25T19:24:12.505732",PASSED,
"de.ssherlock.system_tests.ui.facelets.NavbarUITest",0,navigateToProfile,0,"b45d4acc-f97d-4eca-a9a2-d98a4e5fd71b","2024-01-25T19:24:13.151388",1.0,"2024-01-25T19:24:13.152692",PASSED,
"de.ssherlock.system_tests.ui.facelets.NavbarUITest",0,navigateToAllCourses,0,"3b189682-9384-43fb-bd17-7e0c51d03df4","2024-01-25T19:24:12.970115",0.0,"2024-01-25T19:24:12.970824",PASSED,
"de.ssherlock.system_tests.ui.facelets.NavbarUITest",0,navigateToAdmin,0,"33e1b3ca-6e74-4201-8810-eaead2e39ec0","2024-01-25T19:24:12.703318",11.0,"2024-01-25T19:24:12.714910",PASSED,
"de.ssherlock.system_tests.ui.facelets.PasswordResetUITest",0,testResetPassword,0,"8efd2fdd-5598-4748-94b1-5d0e24d60805","2024-01-25T19:24:12.928783",1.0,"2024-01-25T19:24:12.930038",PASSED,
"de.ssherlock.system_tests.ui.facelets.NavbarUITest",0,logout,0,"55c9c181-1580-4e77-b227-2bb8b4097914","2024-01-25T19:24:12.491696",14.0,"2024-01-25T19:24:12.506436",PASSED,
"de.ssherlock.system_tests.ui.facelets.TestateUITest",0,testCommentValidators,0,"825d9e6c-2c2d-4508-a8c5-efd6ce73f063","2024-01-25T19:24:13.079850",0.0,"2024-01-25T19:24:13.080610",PASSED,
"de.ssherlock.system_tests.ui.facelets.AdminUserPaginationUITest",0,testChangeFaculty,0,"93d14375-e316-4255-a795-6cfeabee8df1","2024-01-25T19:24:12.942539",0.0,"2024-01-25T19:24:12.943183",PASSED,
"de.ssherlock.system_tests.ui.facelets.ExerciseDescriptionUITest",0,testEditHTMLSuccess,0,"64048fb4-bbfb-46dc-8e27-c43541cd3775","2024-01-25T19:24:13.096166",2.0,"2024-01-25T19:24:13.098935",PASSED,
"de.ssherlock.system_tests.ui.facelets.TestateUITest",0,testGradeValidators,0,"581db805-cee5-4aa0-bb09-113c7917448e","2024-01-25T19:24:12.748889",0.0,"2024-01-25T19:24:12.749801",PASSED,
"de.ssherlock.system_tests.ui.facelets.ExerciseDescriptionUITest",0,testCheckCorrectDates,0,"14cce1cf-2e97-4aec-9e9c-6e71caef7f96","2024-01-25T19:24:12.723087",4.0,"2024-01-25T19:24:12.727349",PASSED,
"de.ssherlock.system_tests.ui.facelets.NavbarUITest",0,navigateToHelp,0,"61ceb676-f414-4e0a-9620-ef166574460a","2024-01-25T19:24:13.152499",1.0,"2024-01-25T19:24:13.154132",PASSED,
"de.ssherlock.system_tests.ui.facelets.NavbarUITest",0,navigateToAllCourses,0,"a67dfa53-6a1c-4bb7-adb0-cb7207fb28fc","2024-01-25T19:24:13.067939",0.0,"2024-01-25T19:24:13.068743",PASSED,
"de.ssherlock.system_tests.ui.facelets.TestateUITest",0,testGradeValidators,0,"5af0d533-ce09-44ff-bb8a-73ecd7eec7e6","2024-01-25T19:24:12.934631",1.0,"2024-01-25T19:24:12.936274",PASSED,
"de.ssherlock.system_tests.ui.facelets.CheckerListUITest",0,"testCheckContentPagination",0,"db6fcc70-c01d-41ee-bef1-2ddc797bae79","2024-01-25T19:24:12.944104",3.0,"2024-01-25T19:24:12.947466",PASSED,
"de.ssherlock.system_tests.ui.facelets.NavbarUITest",0,navigateToAdmin,0,"12869ef9-2a28-4955-b8e3-bb1668beaba6","2024-01-25T19:24:12.491889",14.0,"2024-01-25T19:24:12.506478",PASSED,
"de.ssherlock.system_tests.ui.facelets.LoginUITest",0,testLoginSuccess,0,"93026211-7d0f-48e4-92bd-118060988b8e","2024-01-25T19:24:13.100891",3.0,"2024-01-25T19:24:13.104002",PASSED,
"de.ssherlock.system_tests.ui.facelets.AdminUserPaginationUITest",0,testCheckSearch,0,"3d92f68f-0990-4b26-8d71-53799109b425","2024-01-25T19:24:12.709020",7.0,"2024-01-25T19:24:12.716988",PASSED,
"de.ssherlock.system_tests.ui.facelets.NavbarUITest",0,navigateToProfile,0,"7db2974a-6a3f-430f-b6e2-b064ebaca085","2024-01-25T19:24:12.732829",0.0,"2024-01-25T19:24:12.733776",PASSED,
"de.ssherlock.system_tests.ui.facelets.CourseUserPaginationUITest",0,testNextButton,0,"c90cceec-7e8c-4626-acc6-7db2bddf46b7","2024-01-25T19:24:12.948323",1.0,"2024-01-25T19:24:12.949601",PASSED,
"de.ssherlock.system_tests.ui.facelets.CourseUserPaginationUITest",0,testFirstButton,0,"1bd3d848-5659-4342-ad26-86a9accb5b62","2024-01-25T19:24:13.039867",0.0,"2024-01-25T19:24:13.040794",PASSED,
"de.ssherlock.system_tests.ui.facelets.CheckerListUITest",0,"testCheckContentPagination",0,"84c87c01-7829-41e6-b802-30c766785625","2024-01-25T19:24:12.491752",26.0,"2024-01-25T19:24:12.518644",PASSED,
"de.ssherlock.system_tests.ui.facelets.PasswordResetUITest",0,testResetPassword,0,"c44cdd00-acc7-487b-880c-445feedb4f7f","2024-01-25T19:24:12.980713",6.0,"2024-01-25T19:24:12.987463",PASSED,
"de.ssherlock.system_tests.ui.facelets.AdminUserPaginationUITest",0,testCheckSearch,0,"224b7fea-de41-48e0-9c4f-2473f069a668","2024-01-25T19:24:13.082659",0.0,"2024-01-25T19:24:13.083223",PASSED,
"de.ssherlock.system_tests.ui.facelets.ExerciseDescriptionUITest",0,testCheckCorrectDates,0,"d581c9e2-884e-4e7c-8ca6-d7946f14e682","2024-01-25T19:24:13.100385",8.0,"2024-01-25T19:24:13.108470",PASSED,
"de.ssherlock.system_tests.ui.facelets.ExerciseDescriptionUITest",0,testEditHTMLFailure,0,"ab13ea47-a6c0-4762-88e8-4c2ff5ae36b1","2024-01-25T19:24:12.963070",0.0,"2024-01-25T19:24:12.963843",PASSED,
"de.ssherlock.system_tests.ui.facelets.AdminUserPaginationUITest",0,testChangeFaculty,0,"ae06130a-efe2-4985-bbdc-d258363695e5","2024-01-25T19:24:12.738230",1.0,"2024-01-25T19:24:12.739272",PASSED,
"de.ssherlock.system_tests.ui.facelets.PasswordResetUITest",0,testResetPassword,0,"c2435b62-65c4-44fc-a063-bd045436a8a2","2024-01-25T19:24:12.739750",1.0,"2024-01-25T19:24:12.741617",PASSED,
"de.ssherlock.system_tests.ui.facelets.AdminUserPaginationUITest",0,testSelectUser,0,"1368fa67-d4d8-4d8d-a2d0-15e96978c75d","2024-01-25T19:24:12.499576",6.0,"2024-01-25T19:24:12.505624",PASSED,
"de.ssherlock.system_tests.ui.facelets.NavbarUITest",0,navigateToAdmin,0,"6419dad9-59be-425c-b457-03d2b502cc58","2024-01-25T19:24:12.834461",0.0,"2024-01-25T19:24:12.835213",PASSED,
"de.ssherlock.system_tests.ui.facelets.CheckerListUITest",0,"testCheckContentPagination",0,"9d0964d1-c99f-44c2-8f92-18aa9a119709","2024-01-25T19:24:12.491431",15.0,"2024-01-25T19:24:12.507250",PASSED,
"de.ssherlock.system_tests.ui.facelets.NavbarUITest",0,navigateToAllCourses,0,"070bb847-a349-4c2e-af83-f1a5c100fa01","2024-01-25T19:24:13.152177",1.0,"2024-01-25T19:24:13.154132",PASSED,
"de.ssherlock.system_tests.ui.facelets.CourseUserPaginationUITest",0,testPrevButton,0,"63b2c5e5-c46d-41bb-a644-55e60eae7c50","2024-01-25T19:24:12.508024",2.0,"2024-01-25T19:24:12.510446",PASSED,
"de.ssherlock.system_tests.ui.facelets.NavbarUITest",0,navigateToHelp,0,"2786aa05-a40a-4485-8318-ef9b662e3a18","2024-01-25T19:24:12.733241",1.0,"2024-01-25T19:24:12.735163",PASSED,
